{"py/object": "rasa_core.featurizers.MaxHistoryTrackerFeaturizer", "max_history": 5, "remove_duplicates": true, "state_featurizer": {"py/object": "rasa_core.featurizers.BinarySingleStateFeaturizer", "input_state_map": {"entity_cuisine": 11, "entity_email_id": 13, "entity_location": 10, "entity_price_range": 12, "entity_restaurant_details": 14, "entity_valid_res": 15, "intent_affirm": 1, "intent_deny": 2, "intent_failure": 8, "intent_goodbye": 3, "intent_greet": 0, "intent_mail_sent": 7, "intent_repeat": 9, "intent_restaurant_search": 5, "intent_send_email": 6, "intent_thankyou": 4, "prev_action_default_fallback": 24, "prev_action_email": 34, "prev_action_listen": 22, "prev_action_restart": 23, "prev_action_restaurant": 33, "prev_action_validity": 32, "prev_utter_affirm": 35, "prev_utter_ask_cuisine": 31, "prev_utter_ask_email_id": 37, "prev_utter_ask_howcanhelp": 28, "prev_utter_ask_location": 29, "prev_utter_ask_price_range": 30, "prev_utter_default": 27, "prev_utter_deny": 36, "prev_utter_failure": 39, "prev_utter_goodbye": 26, "prev_utter_greet": 25, "prev_utter_mail_sent": 38, "prev_utter_repeat": 40, "slot_cuisine_0": 16, "slot_email_id_0": 17, "slot_location_0": 18, "slot_price_range_0": 19, "slot_restaurant_details_0": 20, "slot_valid_res_0": 21}, "num_features": 41, "slot_feature_len": 6, "user_feature_len": 16}, "use_intent_probabilities": false}