{
  "rasa_nlu_data": {
    "common_examples": [
      {
        "intent": "greet",
        "text": "hey"
      },
      {
        "intent": "greet",
        "text": "howdy"
      },
      {
        "intent": "greet",
        "text": "hey there"
      },
      {
        "intent": "greet",
        "text": "hello"
      },
      {
        "intent": "greet",
        "text": "hi"
      },
      {
        "intent": "greet",
        "text": "good morning"
      },
      {
        "intent": "greet",
        "text": "good evening"
      },
      {
        "intent": "greet",
        "text": "dear sir"
      },
      {
        "intent": "affirm",
        "text": "yes"
      },
      {
        "intent": "affirm",
        "text": "yep"
      },
      {
        "intent": "affirm",
        "text": "yeah"
      },
      {
        "intent": "affirm",
        "text": "indeed"
      },
      {
        "intent": "affirm",
        "text": "that's right"
      },
      {
        "intent": "affirm",
        "text": "ok"
      },
      {
        "intent": "affirm",
        "text": "great"
      },
      {
        "intent": "affirm",
        "text": "right, thank you"
      },
      {
        "intent": "affirm",
        "text": "correct"
      },
      {
        "intent": "affirm",
        "text": "great choice"
      },
      {
        "intent": "affirm",
        "text": "sounds really good"
      },
      {
        "intent": "restaurant_search",
        "text": "i'm looking for a place to eat"
      },
      {
        "intent": "restaurant_search",
        "text": "I want to grab lunch"
      },
      {
        "intent": "restaurant_search",
        "text": "I am searching for a dinner spot"
      },
      {
        "intent": "restaurant_search",
        "entities": [
          {
            "start": 31,
            "end": 36,
            "value": "north",
            "entity": "location"
          }
        ],
        "text": "i'm looking for a place in the north of town"
      },
      {
        "intent": "restaurant_search",
        "text": "search for restaurants"
      },
      {
        "intent": "restaurant_search",
        "entities": [
          {
            "start": 16,
            "end": 20,
            "value": "west",
            "entity": "location"
          }
        ],
        "text": "anywhere in the west"
      },
      {
        "intent": "restaurant_search",
        "entities": [
          {
            "start": 14,
            "end": 19,
            "value": "18328",
            "entity": "location"
          }
        ],
        "text": "anywhere near 18328"
      },
      {
        "intent": "restaurant_search",
        "entities": [
          {
            "start": 17,
            "end": 25,
            "value": "american",
            "entity": "cuisine"
          }
        ],
        "text": "I am looking for american food"
      },
      {
        "intent": "restaurant_search",
        "entities": [
          {
            "start": 20,
            "end": 27,
            "value": "mexican",
            "entity": "cuisine"
          }
        ],
        "text": "i want to have some mexican food"
      },
      {
        "intent": "restaurant_search",
        "entities": [
          {
            "start": 29,
            "end": 34,
            "value": "29432",
            "entity": "location"
          }
        ],
        "text": "I am looking a restaurant in 29432"
      },
      {
        "intent": "restaurant_search",
        "entities": [
          {
            "start": 13,
            "end": 20,
            "value": "italian",
            "entity": "cuisine"
          },
          {
            "start": 31,
            "end": 37,
            "value": "meerut",
            "entity": "location"
          }
        ],
        "text": "I am looking italian food near meerut"
      },
      {
        "intent": "restaurant_search",
        "entities": [
          {
            "start": 13,
            "end": 21,
            "value": "american",
            "entity": "cuisine"
          },
          {
            "start": 35,
            "end": 39,
            "value": "pune",
            "entity": "location"
          },
          {
            "start": 65,
            "end": 74,
            "value": "300 - 700",
            "entity": "price_range"
          }
        ],
        "text": "I am looking american hotel around pune with price range between 300 - 700"
      },
      {
        "intent": "restaurant_search",
        "entities": [
          {
            "start": 19,
            "end": 31,
            "value": "south indian",
            "entity": "cuisine"
          },
          {
            "start": 45,
            "end": 50,
            "value": "delhi",
            "entity": "location"
          }
        ],
        "text": "can u find me a an south indian restaurat in delhi"
      },
      {
        "intent": "restaurant_search",
        "entities": [
          {
            "start": 5,
            "end": 8,
            "value": "goa",
            "entity": "location"
          }
        ],
        "text": "near goa"
      },
      {
        "intent": "restaurant_search",
        "entities": [
          {
            "start": 13,
            "end": 20,
            "value": "kolkata",
            "entity": "location"
          }
        ],
        "text": "somewhere in kolkata"
      },
      {
        "intent": "restaurant_search",
        "entities": [
          {
            "start": 3,
            "end": 9,
            "value": "London",
            "entity": "location"
          }
        ],
        "text": "in London"
      },
      {
        "intent": "restaurant_search",
        "entities": [
          {
            "start": 0,
            "end": 12,
            "value": "South Indian",
            "entity": "cuisine"
          }
        ],
        "text": "South Indian"
      },
      {
        "intent": "restaurant_search",
        "entities": [
          {
            "start": 0,
            "end": 12,
            "value": "North Indian",
            "entity": "cuisine"
          }
        ],
        "text": "North Indian"
      },
      {
        "intent": "restaurant_search",
        "entities": [
          {
            "start": 0,
            "end": 7,
            "value": "Italian",
            "entity": "cuisine"
          }
        ],
        "text": "Italian"
      },
      {
        "intent": "restaurant_search",
        "entities": [
          {
            "start": 0,
            "end": 7,
            "value": "Chinese",
            "entity": "cuisine"
          }
        ],
        "text": "Chinese"
      },
      {
        "intent": "restaurant_search",
        "entities": [
          {
            "start": 0,
            "end": 9,
            "value": "Lithuania",
            "entity": "location"
          }
        ],
        "text": "Lithuania"
      },
      {
        "intent": "restaurant_search",
        "entities": [
          {
            "start": 14,
            "end": 19,
            "value": "Italy",
            "entity": "location"
          }
        ],
        "text": "Oh, sorry, in Italy"
      },
      {
        "intent": "restaurant_search",
        "entities": [
          {
            "start": 3,
            "end": 8,
            "value": "delhi",
            "entity": "location"
          }
        ],
        "text": "in delhi"
      },
      {
        "intent": "restaurant_search",
        "entities": [
          {
            "start": 3,
            "end": 8,
            "value": "Delhi",
            "entity": "location"
          }
        ],
        "text": "In Delhi"
      },
      {
        "intent": "restaurant_search",
        "entities": [
          {
            "start": 37,
            "end": 42,
            "value": "Delhi",
            "entity": "location"
          }
        ],
        "text": "I am looking for some restaurants in Delhi."
      },
      {
        "intent": "restaurant_search",
        "entities": [
          {
            "start": 37,
            "end": 42,
            "value": "Delhi",
            "entity": "location"
          }
        ],
        "text": "I am looking for some restaurants in Delhi"
      },
      {
        "intent": "restaurant_search",
        "entities": [
          {
            "start": 0,
            "end": 7,
            "value": "Mexican",
            "entity": "cuisine"
          }
        ],
        "text": "Mexican"
      },
      {
        "intent": "restaurant_search",
        "entities": [
          {
            "start": 0,
            "end": 8,
            "value": "American",
            "entity": "cuisine"
          }
        ],
        "text": "American"
      },
      {
        "intent": "restaurant_search",
        "entities": [
          {
            "start": 24,
            "end": 28,
            "value": "rome",
            "entity": "location"
          },
          {
            "start": 60,
            "end": 67,
            "value": "british",
            "entity": "cuisine"
          }
        ],
        "text": "can you book a table in rome in a moderate price range with  food for four people"
      },
      {
        "intent": "restaurant_search",
        "entities": [
          {
            "start": 0,
            "end": 7,
            "value": "central",
            "entity": "location"
          },
          {
            "start": 8,
            "end": 14,
            "value": "indian",
            "entity": "cuisine"
          }
        ],
        "text": "central indian restaurant"
      },
      {
        "intent": "goodbye",
        "text": "bye"
      },
      {
        "intent": "goodbye",
        "text": "goodbye"
      },
      {
        "intent": "goodbye",
        "text": "good bye"
      },
      {
        "intent": "goodbye",
        "text": "stop"
      },
      {
        "intent": "goodbye",
        "text": "end"
      },
      {
        "intent": "goodbye",
        "text": "farewell"
      },
      {
        "intent": "goodbye",
        "text": "Bye bye"
      },
      {
        "intent": "goodbye",
        "text": "have a good one"
      },
      {
        "intent": "restaurant_search",
        "entities": [
          {
            "start": 38,
            "end": 42,
            "value": "pune",
            "entity": "location"
          }
        ],
        "text": "please help me to find restaurants in pune"
      },
      {
        "intent": "restaurant_search",
        "entities": [
          {
            "start": 8,
            "end": 19,
            "value": "300 and 700",
            "entity": "price_range"
          }
        ],
        "text": "between 300 and 700"
      },
      {
        "intent": "restaurant_search",
        "entities": [
          {
            "start": 0,
            "end": 9,
            "value": "300 - 700",
            "entity": "price_range"
          }
        ],
        "text": "300 - 700"
      },
      {
        "intent": "restaurant_search",
        "entities": [
          {
            "start": 0,
            "end": 10,
            "value": "300 to 700",
            "entity": "price_range"
          }
        ],
        "text": "300 to 700"
      },
      {
        "intent": "restaurant_search",
        "entities": [
          {
            "start": 10,
            "end": 13,
            "value": "300",
            "entity": "price_range"
          }
        ],
        "text": "less than 300"
      },
      {
        "intent": "restaurant_search",
        "entities": [
          {
            "start": 0,
            "end": 4,
            "value": "300",
            "entity": "price_range"
          }
        ],
        "text": "<300"
      },
      {
        "intent": "restaurant_search",
        "entities": [
          {
            "start": 6,
            "end": 10,
            "value": "300",
            "entity": "price_range"
          }
        ],
        "text": "below 300"
      },
      {
        "intent": "restaurant_search",
        "entities": [
          {
            "start": 6,
            "end": 10,
            "value": "700",
            "entity": "price_range"
          }
        ],
        "text": "above 700"
      },
      {
        "intent": "restaurant_search",
        "entities": [
          {
            "start": 0,
            "end": 4,
            "value": "300",
            "entity": "price_range"
          }
        ],
        "text": ">300"
      },
      {
        "intent": "restaurant_search",
        "entities": [
          {
            "start": 10,
            "end": 13,
            "value": "700",
            "entity": "price_range"
          }
        ],
        "text": "More than 700"
      },
      {
        "intent": "restaurant_search",
        "entities": [
          {
            "start": 18,
            "end": 21,
            "value": "300",
            "entity": "price_range"
          }
        ],
        "text": "not more than Rs. 300"
      },
      {
        "intent": "restaurant_search",
        "entities": [
          {
            "start": 12,
            "end": 30,
            "value": "Rs. 300 to Rs. 700",
            "entity": "price_range"
          }
        ],
        "text": "in Range of Rs. 300 to Rs. 700"
      },
      {
        "intent": "restaurant_search",
        "entities": [
          {
            "start": 8,
            "end": 18,
            "value": "300 to 700",
            "entity": "price_range"
          }
        ],
        "text": "between 300 to 700"
      },
      {
        "intent": "send_email",
        "entities": [
          {
            "start": 26,
            "end": 50,
            "value": "shounakacharya@gmail.com",
            "entity": "email_id"
          }
        ],
        "text": "yes. please send email to shounakacharya@gmail.com"
      },
      {
        "intent": "send_email",
        "entities": [
          {
            "start": 4,
            "end": 30,
            "value": "manish.kumar2107@gmail.com",
            "entity": "email_id"
          }
        ],
        "text": "its manish.kumar2107@gmail.com"
      },
      {
        "intent": "affirm",
        "text": "sure."
      },
      {
        "intent": "affirm",
        "text": "yes please"
      },
      {
        "intent": "deny",
        "text": "no thanks"
      },
      {
        "intent": "deny",
        "text": "no"
      },
      {
        "intent": "deny",
        "text": "Forget it"
      }
    ],
    "regex_features": [
      {
        "name": "email_id",
        "pattern": "\\S+@\\S+"
      },
      {
        "name": "greet",
        "pattern": "hey[^\\s]*"
      },
      {
        "name": "zipcode",
        "pattern": "[0-9]{5}"
      }
    ],
    "entity_synonyms": [
      {
        "value": "chinese",
        "synonyms": [
          "Chinese",
          "Chines",
          "chines"
        ]
      },
      {
        "value": "Bangalore",
        "synonyms": [
          "Bengaluru"
        ]
      },
      {
        "value": "Chennai",
        "synonyms": [
          "Madras"
        ]
      },
      {
        "value": "Mumbai",
        "synonyms": [
          "Bombay",
          "Bumbai"
        ]
      },
      {
        "value": "Kolkata",
        "synonyms": [
          "Calcutta"
        ]
      },
      {
        "value": "Delhi",
        "synonyms": [
          "New Delhi",
          "Dilli",
          "Dehli"
        ]
      },
      {
        "value": "vegetarian",
        "synonyms": [
          "veggie",
          "vegg"
        ]
      }
    ]
  }
}