{
  "action_fingerprints": {
    "action_listen": {
      "slots": [
        "price_range",
        "email_id",
        "cuisine",
        "location"
      ]
    },
    "action_validity": {
      "slots": [
        "valid_res"
      ]
    },
    "action_restaurant": {
      "slots": [
        "restaurant_details"
      ]
    },
    "utter_goodbye": {
      "slots": []
    },
    "action_email": {
      "slots": [
        "restaurant_details"
      ]
    },
    "utter_mail_sent": {
      "slots": []
    }
  },
  "rasa_core": "0.10.1",
  "max_histories": [
    4,
    5
  ],
  "ensemble_name": "rasa_core.policies.ensemble.SimplePolicyEnsemble",
  "policy_names": [
    "rasa_core.policies.memoization.MemoizationPolicy",
    "rasa_core.policies.keras_policy.KerasPolicy"
  ]
}